SNP,lg,Position
Chr1_102694,1,0
Chr1_437483,1,2.4773
Chr1_890646,1,6.0548
Chr1_1003850,1,7.3156
Chr1_1003992,1,7.3156
Chr1_1004322,1,7.3156
Chr1_1232402,1,8.6146
Chr1_1363775,1,9.8648
Chr1_1363771,1,10.2781
Chr1_1305433,1,10.2781
Chr1_1299318,1,10.2781
Chr1_1275060,1,10.2781
Chr1_1299269,1,10.2781
Chr1_1305575,1,10.2781
Chr1_1987560,1,11.4146
Chr1_2275880,1,13.5345
Chr1_2297754,1,14.3749
Chr1_3645349,1,20.5283
Chr1_6736966,1,28.0853
Chr1_8516793,1,32.3509
Chr1_9763671,1,34.0958
Chr1_11965482,1,35.4851
Chr1_10870993,1,36.5269
Chr1_26998512,1,41.7405
Chr1_23714039,1,42.4255
Chr1_23371423,1,43.0428
Chr1_26220339,1,43.9201
Chr1_26997999,1,44.3333
Chr1_26997993,1,44.3333
Chr1_28175623,1,44.3333
Chr1_27372937,1,44.3333
Chr1_27369525,1,44.3333
Chr1_27369536,1,44.3333
Chr1_31345467,1,44.792
Chr1_32458546,1,44.792
Chr1_42747352,1,45.324
Chr1_49629252,1,45.324
Chr1_49613568,1,45.324
Chr1_44282023,1,45.324
Chr1_45861238,1,45.324
Chr1_45870591,1,45.324
Chr1_49510242,1,45.324
Chr1_49510282,1,45.324
Chr1_41477515,1,45.324
Chr1_45430932,1,45.324
Chr1_46103804,1,45.324
Chr1_55632599,1,45.324
Chr1_141754068,1,45.324
Chr1_135307367,1,45.324
Chr1_95589408,1,45.324
Chr1_272217465,1,45.324
Chr1_148472825,1,45.324
Chr1_95510223,1,45.324
Chr1_63280584,1,45.324
Chr1_151823847,1,45.324
Chr1_85017479,1,45.324
Chr1_151823726,1,45.324
Chr1_63280580,1,45.324
Chr1_139055053,1,45.324
Chr1_197785453,1,45.324
Chr1_139064711,1,45.324
Chr1_130005331,1,45.324
Chr1_279790359,1,45.324
Chr1_137474022,1,45.324
Chr1_141754008,1,45.324
Chr1_92432167,1,45.324
Chr1_85079293,1,45.324
Chr1_269469331,1,45.324
Chr1_61294389,1,45.324
Chr1_275415407,1,45.324
Chr1_229743118,1,45.324
Chr1_183959261,1,45.324
Chr1_185417322,1,45.324
Chr1_61294398,1,45.324
Chr1_106502462,1,45.324
Chr1_208241106,1,45.324
Chr1_141754103,1,45.324
Chr1_202931971,1,45.324
Chr1_197785494,1,45.324
Chr1_229483043,1,46.0593
Chr1_277495836,1,46.0593
Chr1_172730944,1,47.6223
Chr1_235656288,1,47.6223
Chr1_85017369,1,47.6223
Chr1_258952789,1,47.6223
Chr1_197785571,1,49.5841
Chr1_97328523,1,52.1726
Chr1_206478026,1,52.1726
Chr1_275754358,1,52.1726
Chr1_192487535,1,52.1726
Chr1_191106575,1,52.1726
Chr1_272688094,1,52.1726
Chr1_141753906,1,52.1726
Chr1_172202065,1,52.1726
unitig2891_81464,1,52.1726
Chr1_269365783,1,52.1726
Chr1_259763731,1,52.1726
Chr1_194766879,1,52.1726
Chr1_192301814,1,52.1726
Chr1_228027927,1,52.1726
Chr1_269843120,1,52.1726
Chr1_259763582,1,52.1726
Chr1_214152531,1,52.1726
Chr1_317806578,1,52.1726
Chr1_310453734,1,52.1726
Chr1_310970656,1,52.1726
Chr1_308383130,1,52.1726
Chr1_308383094,1,52.1726
Chr1_308381690,1,52.6777
Chr1_294441280,1,53.0875
Chr1_304391652,1,53.0875
Chr1_303574180,1,53.0875
Chr1_282609290,1,53.0875
Chr1_319929275,1,53.0875
Chr1_329995337,1,53.5042
Chr1_330434319,1,53.5042
Chr1_341395938,1,53.5042
Chr1_332766030,1,53.5042
Chr1_329995223,1,53.5042
Chr1_340354632,1,53.5042
Chr1_332580293,1,54.079
Chr1_332580200,1,54.6472
Chr1_353527561,1,55.5401
Chr1_359388382,1,56.1895
Chr1_356692989,1,56.1895
Chr1_356693031,1,56.1895
Chr1_355298058,1,56.1895
Chr1_356628283,1,56.1895
Chr1_358853806,1,56.1895
Chr1_360579683,1,56.1895
Chr1_361346650,1,56.1895
Chr1_363638832,1,57.2535
Chr1_367652710,1,57.2535
Chr1_367024488,1,57.2535
Chr1_367024560,1,57.2535
Chr1_373929513,1,57.2535
Chr1_368254964,1,57.2535
Chr1_380462089,1,58.6427
Chr1_382679487,1,60.6987
Chr1_382960273,1,60.6987
Chr1_388909186,1,62.1414
Chr1_389863093,1,63.4575
Chr1_389863077,1,63.4575
Chr1_390051386,1,63.4575
Chr1_392489732,1,64.6923
Chr1_393267324,1,65.151
Chr1_399978703,1,66.7473
Chr1_402225445,1,67.709
Chr1_405234687,1,70.343
Chr1_404320460,1,70.343
Chr1_404320685,1,70.7704
Chr1_405909813,1,71.1977
Chr1_416588556,1,71.1977
Chr1_420076356,1,71.1977
Chr1_416969527,1,71.979
Chr1_416969460,1,71.979
Chr1_414206144,1,72.637
Chr1_426775049,1,73.1925
Chr1_426885923,1,73.1925
Chr1_424262653,1,74.0191
Chr1_426671583,1,74.4464
Chr1_426775035,1,74.4464
Chr1_426886144,1,74.4464
Chr1_429507972,1,76.0599
Chr1_428656947,1,76.0599
Chr1_429615038,1,76.0599
Chr1_429507857,1,76.0599
Chr1_431601774,1,76.4697
Chr1_433244650,1,76.4697
Chr1_433362574,1,76.4697
Chr1_431254415,1,76.4697
Chr1_432641640,1,76.4697
Chr1_437972730,1,77.0795
Chr1_437694244,1,77.0795
Chr1_437819486,1,77.0795
Chr1_437818681,1,77.0795
Chr1_434680444,1,77.0795
Chr1_437692744,1,77.0795
Chr1_439798334,1,77.0795
Chr1_439906554,1,77.6115
Chr1_444280060,1,78.0316
Chr1_440020057,1,78.8581
Chr1_442024707,1,78.8581
Chr1_439910748,1,78.8581
Chr1_439906543,1,78.8581
Chr1_438823214,1,78.8581
Chr1_439798398,1,78.8581
Chr1_438822927,1,78.8581
Chr1_436119359,1,78.8581
Chr1_437693489,1,78.8581
Chr1_445024070,1,79.6045
Chr1_440287383,1,80.9206
Chr1_440287380,1,86.0013
Chr1_440287428,1,87.7877
Chr1_451352394,1,93.6478
Chr1_446856968,1,93.6478
Chr1_447603552,1,93.6478
Chr1_454644523,1,94.2096
Chr1_467064642,1,94.8269
Chr1_460826132,1,94.8269
Chr1_471402577,1,97.1012
Chr1_467064994,1,99.989
Chr1_469799806,1,99.989
Chr1_471402626,1,100.6469
Chr1_471402581,1,101.2799
Chr1_469219843,1,101.9128
Chr1_469799760,1,101.9128
Chr1_469728804,1,101.9128
Chr1_487791137,1,102.3227
Chr1_470530862,1,102.3227
Chr1_473844222,1,102.3227
Chr1_470530811,1,102.3227
Chr1_482611737,1,104.0933
Chr1_487610365,1,104.0933
Chr1_487610355,1,104.5281
Chr1_478603655,1,104.9629
Chr1_489488338,1,107.065
Chr1_492253877,1,108.7323
Chr1_494414594,1,110.1215
Chr1_494414379,1,110.1215
Chr1_494166255,1,110.1215
Chr1_493882075,1,110.1215
Chr1_501804650,1,110.6534
Chr1_502352334,1,110.6534
Chr1_504826210,1,111.9695
Chr1_504995131,1,112.4904
Chr1_504994805,1,112.4904
Chr1_504656568,1,113.0928
Chr1_504656713,1,113.0928
Chr1_503988535,1,113.6363
Chr1_504097882,1,113.6363
Chr1_513315454,1,115.991
Chr1_516844356,1,117.3071
Chr1_518039207,1,118.6232
Chr1_518833339,1,119.1608
Chr1_519563339,1,120.8857
Chr1_520309093,1,123.3877
Chr1_523090825,1,124.6075
Chr1_523090828,1,124.6075
Chr1_523090840,1,124.6075
Chr1_520519330,1,125.2569
Chr1_520519231,1,125.7471
Chr1_522510501,1,127.3606
Chr1_524446846,1,130.7906
Chr1_523905664,1,131.631
Chr1_523701129,1,131.631
Chr1_524388913,1,132.0477
Chr1_527077138,1,133.33
Chr1_527668800,1,135.0401
Chr1_528655364,1,137.5422
Chr1_528985653,1,138.0229
Chr1_528985753,1,138.0229
Chr1_528920767,1,138.0229
Chr1_529638772,1,138.0229
Chr1_529784548,1,140.1982
Chr1_529786060,1,140.1982
Chr1_529797378,1,140.1982
Chr1_532381251,1,141.1599
Chr1_536817613,1,141.1599
Chr1_531872716,1,141.1599
Chr1_532439293,1,141.1599
Chr1_531872356,1,141.1599
Chr1_531274775,1,141.1599
Chr1_536677957,1,141.1599
Chr1_536882416,1,141.1599
Chr1_531275018,1,141.1599
Chr1_532317716,1,141.1599
Chr1_531288073,1,141.5664
Chr1_531872700,1,141.5664
Chr1_532229974,1,141.5664
Chr1_536990518,1,141.5664
Chr1_537087195,1,141.5664
Chr1_536990591,1,141.5664
Chr1_537555184,1,142.7861
Chr1_537546951,1,142.7861
Chr1_537547273,1,142.7861
Chr1_537977228,1,143.7764
Chr1_537984026,1,143.7764
Chr1_537984045,1,143.7764
Chr5_254340,2,0
Chr5_255886,2,0
Chr5_254143,2,0
Chr5_255610,2,0
Chr5_582376,2,0.7143
Chr5_582356,2,1.381
Chr5_582385,2,1.381
Chr5_687229,2,1.381
Chr5_1062770,2,1.8618
Chr5_1553348,2,3.5866
Chr5_1421160,2,4.9506
Chr5_1323226,2,4.9506
Chr5_1890401,2,4.9506
Chr5_1323159,2,4.9506
Chr5_1890179,2,4.9506
Chr5_2211759,2,5.8767
Chr5_2205392,2,6.591
Chr5_2205119,2,6.591
Chr5_2205099,2,6.591
Chr5_2422020,2,7.9675
Chr5_2565334,2,8.3807
Chr5_2375538,2,8.3807
Chr5_3167039,2,10.4653
Chr5_3476315,2,11.726
Chr5_3725462,2,14.8551
Chr5_4051494,2,16.3707
Chr5_4236531,2,16.8055
Chr5_4236780,2,16.8055
Chr5_4236757,2,16.8055
Chr5_4091963,2,16.8055
Chr5_4086907,2,16.8055
Chr5_4086974,2,17.3737
Chr5_4208708,2,17.9551
Chr5_5194440,2,22.6077
Chr5_5194190,2,22.6077
Chr5_5632846,2,23.7573
Chr5_5626034,2,24.229
Chr5_5749066,2,24.6423
Chr5_6276899,2,25.903
Chr5_6276996,2,25.903
Chr5_6766941,2,26.7652
Chr5_6823877,2,27.2603
Chr5_7751432,2,29.0467
Chr5_7751498,2,29.0467
Chr5_7751321,2,29.0467
Chr5_9514724,2,32.2088
Chr5_10443017,2,33.3718
Chr5_11082961,2,34.0298
Chr5_11078311,2,34.0298
Chr5_11705630,2,35.3012
Chr5_13129258,2,43.102
Chr5_17100508,2,44.1891
Chr5_17089708,2,44.1891
Chr5_16043755,2,44.6024
Chr5_15662728,2,45.0372
Chr5_13559947,2,45.9382
Chr5_17100486,2,48.0521
Chr5_17146224,2,49.4223
Chr5_17100494,2,49.4223
Chr5_17100490,2,49.4223
Chr5_19368381,2,50.2996
Chr5_20931950,2,51.5711
Chr5_20498191,2,51.5711
Chr5_22770670,2,52.8534
Chr5_22770628,2,52.8534
Chr5_23325951,2,54.5782
Chr5_23322241,2,54.5782
Chr5_24117272,2,55.8943
Chr5_24117295,2,56.3291
Chr5_25675311,2,57.6568
Chr5_25678733,2,57.6568
Chr5_28389586,2,58.4973
Chr5_29048789,2,58.9139
Chr5_33764817,2,60.1747
Chr5_33765077,2,60.1747
Chr5_33646154,2,60.1747
Chr5_35800226,2,60.5984
Chr5_38173365,2,62.3233
Chr5_38880837,2,62.3233
Chr5_48658941,2,62.3233
Chr5_46083898,2,62.3233
Chr5_49718108,2,62.3233
Chr5_49718353,2,62.3233
Chr5_49718310,2,62.3233
Chr5_49718298,2,62.3233
Chr5_49510969,2,62.3233
Chr5_41823376,2,62.3233
Chr5_54406195,2,62.3233
Chr5_55489224,2,62.3233
Chr5_58955404,2,62.3233
Chr5_125134744,2,62.3233
Chr5_117661524,2,62.3233
Chr5_111604000,2,62.3233
Chr5_141422640,2,62.3233
Chr5_125134747,2,62.3233
Chr5_119848476,2,62.3233
Chr5_97498635,2,62.3233
Chr5_77692116,2,62.3233
Chr5_352226899,2,62.3233
Chr5_130689659,2,62.3233
Chr5_125134749,2,62.3233
Chr5_151494104,2,62.3233
Chr5_145286008,2,62.3233
Chr5_140495529,2,62.3233
Chr5_145153952,2,62.3233
Chr5_163296533,2,62.3233
Chr5_154907926,2,62.3233
Chr5_163296827,2,62.3233
Chr5_139285982,2,62.3233
Chr5_138733580,2,62.3233
Chr5_161169715,2,62.3233
Chr5_163296790,2,62.3233
Chr5_312711228,2,62.3233
Chr2_367935638,2,62.3233
Chr2_367935872,2,62.3233
Chr5_261775608,2,62.3233
Chr5_330857962,2,62.3233
Chr5_169305319,2,62.3233
Chr5_167572414,2,62.3233
Chr5_331388619,2,62.3233
Chr2_343368967,2,62.3233
Chr2_324815392,2,62.3233
Chr2_343368923,2,62.3233
Chr2_324815448,2,63.0696
Chr2_343368916,2,63.8159
Chr2_318550623,2,63.8159
Chr2_320896185,2,63.8159
Chr2_311364650,2,63.8159
Chr2_310366900,2,63.8159
unitig4259_1752,2,64.3973
Chr2_309575635,2,64.3973
Chr2_309575951,2,64.3973
Chr2_284213401,2,65.6476
Chr2_297562911,2,65.6476
Chr2_278059525,2,66.6477
unitig3410_96062,2,66.6477
Chr2_252636705,2,66.6477
Chr2_269318401,2,66.6477
Chr2_271824071,2,66.6477
Chr2_211780041,2,66.6477
Chr2_266311002,2,66.6477
Chr2_176504313,2,66.6477
Chr2_190230260,2,66.6477
Chr2_190230306,2,66.6477
Chr2_191156764,2,66.6477
unitig1467_752791,2,67.4953
Chr2_263199094,2,67.4953
Chr2_226643174,2,67.4953
Chr2_225822857,2,67.4953
Chr2_249493024,2,67.4953
Chr2_217194232,2,67.4953
Chr2_217194221,2,67.4953
Chr2_217194233,2,67.4953
Chr2_198239451,2,67.4953
Chr2_262209504,2,67.4953
Chr2_262209506,2,67.4953
Chr2_350190742,2,69.4963
Chr2_348447181,2,69.4963
Chr2_353394103,2,69.4963
Chr5_275741781,2,69.4963
Chr2_360585427,2,69.4963
Chr2_360585523,2,69.4963
Chr5_354438099,2,69.4963
Chr5_167573249,2,69.4963
Chr5_167573425,2,69.4963
Chr5_243122338,2,69.4963
Chr5_215852122,2,69.4963
Chr5_186003543,2,69.4963
Chr5_182502192,2,69.4963
Chr5_198722630,2,69.4963
Chr5_190334853,2,69.4963
Chr2_400349673,2,69.4963
Chr2_393966359,2,69.4963
Chr2_420997686,2,69.4963
Chr2_391397436,2,69.4963
Chr2_396818840,2,69.4963
Chr2_401650711,2,69.4963
Chr2_391397223,2,69.4963
Chr5_190319904,2,69.4963
Chr2_142794233,2,69.4963
Chr2_145633124,2,69.4963
Chr2_145632998,2,69.4963
Chr2_139450451,2,69.4963
Chr2_133150858,2,69.4963
Chr2_142794043,2,69.4963
Chr5_272761436,2,69.4963
Chr2_423485806,2,69.4963
Chr5_277351584,2,69.4963
Chr5_330405614,2,69.4963
Chr5_402737259,2,69.4963
Chr5_180817629,2,69.4963
unitig3315_86522,2,69.4963
Chr5_236246287,2,69.4963
Chr5_311111624,2,69.4963
Chr5_369546390,2,69.4963
Chr5_263897992,2,69.4963
Chr5_293136298,2,69.4963
unitig1930_44650,2,69.4963
Chr5_331896748,2,69.4963
Chr5_258982557,2,69.4963
Chr5_331897093,2,69.4963
Chr2_421961784,2,69.4963
Chr2_417536510,2,69.9237
Chr2_417853687,2,70.3404
Chr2_402633127,2,70.3404
Chr2_406138960,2,70.3404
Chr2_408941578,2,70.7502
Chr2_417056061,2,70.7502
Chr2_408773236,2,70.7502
Chr2_431137394,2,71.4749
Chr2_431137622,2,71.4749
Chr2_437951353,2,72.6379
Chr2_449047634,2,74.3192
Chr2_449950018,2,74.8143
Chr2_450450282,2,75.8783
Chr2_460925222,2,75.8783
Chr2_470604127,2,75.8783
Chr2_487710605,2,76.698
Chr2_486814247,2,76.698
Chr2_494849991,2,77.1882
Chr2_495659548,2,77.1882
Chr2_504194950,2,78.1317
Chr2_504194942,2,78.7647
Chr2_530433225,2,78.7647
Chr2_521024532,2,78.7647
Chr2_521024232,2,78.7647
Chr2_521018293,2,78.7647
Chr2_526778368,2,79.1745
Chr2_529691413,2,79.1745
Chr2_549708350,2,79.1745
Chr2_601711977,2,98.0188
Chr2_601603351,2,98.4861
Chr2_601653275,2,98.4861
Chr2_601653067,2,98.4861
Chr2_602595500,2,99.1355
Chr2_603028134,2,100.2985
Chr2_604143950,2,100.7793
Chr2_603616202,2,100.7793
Chr2_605715038,2,102.0727
Chr2_605315752,2,102.0727
Chr2_605315517,2,102.0727
Chr2_605315539,2,102.5037
Chr2_606284961,2,104.8584
Chr2_606284959,2,104.8584
Chr2_606817593,2,105.5627
Chr2_608725201,2,107.2875
Chr2_607284852,2,108.268
Chr2_607284903,2,108.9091
Chr2_607719136,2,111.5431
Chr2_607943019,2,112.1925
Chr2_609978947,2,115.4228
Chr2_610045748,2,116.1371
Chr2_611152611,2,117.7861
Chr2_610939596,2,118.2912
Chr2_610939654,2,118.2912
Chr2_611846384,2,119.2003
Chr2_612789521,2,120.54
Chr2_611526391,2,121.6637
Chr2_611714416,2,121.6637
Chr2_611846401,2,121.6637
Chr2_611559511,2,122.3304
Chr2_611559408,2,122.3304
Chr2_608781302,2,125.1503
Chr2_606538532,2,127.6524
Chr2_606538728,2,127.6524
Chr2_606538780,2,127.6524
Chr2_606538426,2,127.6524
Chr2_606285052,2,127.6524
Chr2_602583659,2,131.7154
Chr2_601653069,2,131.7154
Chr2_599764975,2,131.7154
Chr2_601653242,2,131.7154
Chr2_599269810,2,132.2901
Chr2_598044554,2,133.1752
Chr2_597860361,2,133.1752
Chr2_597726009,2,133.5817
Chr2_596779616,2,136.5555
Chr2_596794693,2,136.5555
Chr2_593770512,2,139.2247
unitig0966_617955,2,140.4444
unitig0966_617991,2,140.4444
Chr2_593157036,2,143.0108
Chr2_592190747,2,144.3385
Chr2_589990581,2,146.9049
Chr2_584055965,2,148.8796
Chr2_576975931,2,148.8796
Chr2_579611179,2,148.8796
Chr2_577036004,2,148.8796
Chr2_579611504,2,148.8796
Chr2_570608077,2,148.8796
Chr2_575919386,2,148.8796
unitig2997_89286,2,149.2962
Chr2_567805268,2,149.2962
Chr2_567805328,2,149.2962
unitig2997_89463,2,149.2962
Chr2_562234935,2,150.1367
Chr2_564278371,2,150.1367
Chr2_555071141,2,150.9701
Chr2_538702533,2,150.9701
Chr2_534948945,2,153.1453
Chr2_533719472,2,153.7009
Chr2_525729518,2,154.2892
unitig2912_126145,2,156.2132
Chr2_470604141,2,159.2168
Chr2_463957472,2,159.9312
Chr2_484041324,2,160.5805
Chr2_480066029,2,160.5805
Chr2_468524901,2,160.5805
Chr2_470430291,2,161.0043
Chr2_468524875,2,161.0043
Chr2_480065930,2,161.0043
Chr2_468524908,2,161.0043
Chr2_470764469,2,161.0043
Chr5_123784201,2,163.5488
Chr5_273240915,2,163.5488
Chr5_274555127,2,163.5488
Chr5_273900774,2,163.5488
Chr5_361052416,2,163.5488
unitig3070_105533,2,163.5488
Chr5_201665467,2,163.5488
Chr5_271141678,2,163.5488
Chr5_427868211,2,163.5488
Chr5_428451768,2,163.5488
Chr5_428326276,2,163.5488
Chr5_433000737,2,165.5106
Chr5_433000545,2,165.5106
Chr5_432809084,2,166.0261
Chr5_432809093,2,166.4647
Chr5_431548333,2,167.8412
Chr5_431548435,2,167.8412
Chr5_431588669,2,167.8412
Chr5_422007067,2,168.517
Chr5_373194657,2,168.517
Chr2_380005130,2,168.517
Chr5_241088077,2,168.517
Chr5_198722639,2,168.517
Chr5_263898044,2,168.517
Chr2_380005398,2,168.517
Chr2_363300617,2,168.517
Chr5_342007349,2,168.517
Chr5_342007396,2,168.517
Chr2_363300613,2,168.517
Chr5_289490357,2,168.517
Chr5_201665493,2,168.517
Chr5_263898031,2,168.517
Chr5_244691433,2,168.517
Chr2_384121653,2,168.517
Chr2_384121737,2,168.517
Chr5_330405626,2,168.517
Chr5_167572475,2,168.517
Chr2_379705135,2,168.517
Chr5_213930066,2,168.517
Chr5_347561079,2,168.517
Chr5_241088121,2,168.517
Chr2_363300619,2,168.517
Chr5_241088146,2,168.517
Chr5_182502136,2,168.517
Chr5_339617776,2,168.517
Chr5_280266248,2,168.517
Chr5_272071247,2,168.517
Chr5_230241951,2,168.517
Chr5_343188295,2,168.517
Chr5_400476001,2,168.517
Chr5_314111450,2,168.517
Chr5_314111354,2,168.517
Chr5_250077188,2,168.517
Chr5_252027213,2,168.517
unitig0029_783988,2,168.517
Chr5_400475846,2,168.517
Chr5_317067157,2,168.517
Chr2_385866222,2,168.517
Chr5_331230311,2,168.517
Chr5_259149387,2,168.517
Chr2_384121560,2,168.517
Chr2_373295883,2,168.517
Chr5_384022874,2,168.517
Chr5_417414290,2,168.517
Chr5_312711306,2,168.517
Chr5_180817578,2,168.517
Chr5_206853958,2,170.0099
Chr5_205460365,2,172.5545
Chr2_226102574,2,172.5545
Chr2_418631492,2,172.5545
Chr2_410666619,2,172.5545
Chr5_342007384,2,172.5545
Chr5_415330323,2,172.5545
Chr5_417414281,2,172.5545
Chr5_417414272,2,173.1875
Chr5_346515398,2,173.1875
Chr5_415654267,2,173.1875
Chr5_177397860,2,173.1875
Chr5_75461488,2,173.1875
Chr5_63694574,2,173.1875
Chr5_60783778,2,173.1875
Chr5_67187703,2,173.1875
Chr5_67187635,2,173.1875
Chr5_68072860,2,173.1875
Chr5_68190753,2,173.1875
Chr5_90742719,2,173.1875
Chr5_83987205,2,173.1875
Chr5_61131753,2,173.1875
Chr5_70238008,2,173.1875
Chr5_87387251,2,173.1875
Chr5_60630666,2,173.1875
Chr5_69723749,2,173.1875
Chr5_65985993,2,173.1875
Chr5_205041053,2,179.0278
Chr2_182656412,2,182.9575
Chr2_181246612,2,182.9575
Chr2_170430291,2,183.938
Chr2_162454435,2,183.938
Chr2_166338955,2,183.938
Chr2_156810492,2,184.4815
Chr2_142245437,2,185.1144
Chr2_132125358,2,185.1144
Chr2_132125172,2,185.1144
Chr2_131584250,2,185.1144
Chr2_120643653,2,185.1144
Chr2_126888680,2,185.9766
Chr2_120643773,2,186.9382
Chr2_123108273,2,186.9382
Chr2_109259562,2,186.9382
Chr2_81564017,2,187.6232
Chr2_81564169,2,187.6232
Chr2_110855072,2,187.6232
unitig2166_321680,2,187.6232
Chr2_111136053,2,187.6232
Chr2_101682649,2,188.1087
Chr2_90580133,2,189.6965
Chr2_71599701,2,189.6965
Chr2_81567733,2,189.6965
Chr2_62508245,2,190.5163
Chr2_65531329,2,190.5163
Chr2_65531654,2,190.5163
Chr2_61246261,2,190.5163
Chr2_60773019,2,190.5163
Chr2_59254705,2,190.5163
Chr2_57941868,2,190.9708
Chr2_57058941,2,191.8884
Chr2_54582522,2,191.8884
Chr2_53231556,2,191.8884
Chr2_52255292,2,191.8884
Chr2_49485835,2,192.3738
Chr2_50653636,2,193.0068
Chr2_47769260,2,195.4678
Chr2_44029654,2,195.4678
Chr2_47769397,2,195.4678
Chr2_44029490,2,195.4678
Chr2_57465288,2,197.1926
Chr5_473416548,2,217.7171
Chr5_463082314,2,228.2885
Chr5_463110774,2,228.2885
Chr5_463110459,2,228.2885
Chr5_463082357,2,228.2885
Chr5_463082389,2,228.8699
Chr5_463110521,2,228.8699
Chr5_474093124,2,231.1187
Chr5_473686170,2,231.1187
Chr5_474268888,2,231.1187
Chr5_474268671,2,231.5319
Chr5_473686119,2,231.5319
Chr5_473416448,2,232.027
Chr5_473416349,2,232.027
Chr5_473416551,2,232.027
Chr5_473416369,2,232.4815
Chr5_473229552,2,232.9361
Chr5_472805344,2,236.4506
Chr5_472483527,2,240.0281
Chr5_472483555,2,240.6861
Chr5_472264979,2,242.0753
Chr5_472265011,2,242.0753
Chr5_58083160,2,245.6106
Chr5_58010714,2,247.9111
Chr5_58010690,2,247.9111
Chr5_469828318,2,252.5977
Chr5_470368659,2,253.4749
Chr5_469911445,2,254.7098
Chr5_468634710,2,257.7255
Chr5_468954391,2,257.7255
Chr5_468964464,2,257.7255
Chr5_468561036,2,257.7255
Chr5_468974532,2,257.7255
Chr5_466045936,2,261.2312
Chr5_464907976,2,262.1837
Chr5_464085377,2,262.1837
Chr5_464908120,2,262.1837
Chr5_464085353,2,262.1837
Chr5_464085281,2,262.1837
Chr5_460786858,2,265.2804
Chr5_460896585,2,265.2804
Chr5_460896756,2,265.2804
Chr5_460714638,2,265.2804
Chr5_460933607,2,265.2804
Chr5_458430807,2,268.6187
Chr5_456673358,2,270.4267
Chr5_456673374,2,270.4267
Chr5_455847742,2,270.4267
Chr5_456322042,2,270.84
Chr5_455524394,2,271.2786
Chr5_455524171,2,271.2786
Chr5_455524081,2,271.2786
Chr5_451132264,2,271.7096
Chr5_450989113,2,272.2305
Chr5_450989085,2,272.2305
Chr5_446087028,2,272.8329
Chr5_446087081,2,272.8329
Chr5_446087024,2,272.8329
Chr5_448522214,2,273.3137
Chr5_448522495,2,273.3137
Chr5_448822916,2,273.3137
Chr5_450989297,2,273.8572
Chr5_450835972,2,273.8572
Chr5_453559412,2,273.8572
Chr5_440991318,2,277.1514
Chr5_438034911,2,278.6224
Chr5_438034896,2,278.6224
Chr5_437720192,2,278.6224
Chr5_437723032,2,278.6224
Chr5_436078342,2,280.2359
Chr5_436002884,2,280.2359
Chr5_434795117,2,280.9026
Chr5_439143971,2,285.9194
Chr5_439143932,2,287.9475
Chr5_439143959,2,289.2812
Chr2_34860512,2,290.6148
Chr2_35391597,2,290.6148
Chr2_32310996,2,292.1617
Chr2_27955872,2,293.0165
Chr2_27589080,2,293.4332
Chr2_24848940,2,293.8569
Chr2_23622875,2,293.8569
Chr2_23940430,2,293.8569
Chr2_23940486,2,293.8569
Chr2_23916162,2,293.8569
Chr2_22678434,2,296.2116
Chr2_22671614,2,297.0591
Chr2_21110486,2,297.8404
Chr2_20228859,2,299.2106
Chr2_18135370,2,300.1912
Chr2_18135317,2,300.1912
Chr2_18779124,2,300.1912
Chr2_18135427,2,300.1912
Chr2_17871497,2,300.7659
Chr2_17665433,2,301.6356
Chr2_16260784,2,302.0454
Chr2_15674526,2,302.9227
Chr2_15674690,2,302.9227
Chr2_15199927,2,303.8319
Chr2_13773327,2,305.1365
Chr2_14616947,2,305.5464
unitig0930_1098540,2,306.7967
unitig0930_1098322,2,306.7967
unitig0930_203234,2,307.7583
Chr2_13471367,2,307.7583
Chr2_13471114,2,308.3608
Chr2_13471084,2,308.949
unitig0930_203028,2,308.949
Chr2_12366150,2,309.634
Chr2_10991971,2,310.2669
Chr2_10785568,2,310.2669
Chr2_10785547,2,310.2669
Chr2_10344062,2,310.2669
Chr2_10344147,2,310.2669
Chr2_10344428,2,310.2669
Chr2_11552794,2,310.2669
Chr2_11344015,2,310.2669
Chr2_9923624,2,312.0324
Chr2_8818249,2,313.5954
Chr2_8718338,2,314.7192
Chr2_8326564,2,315.2294
Chr2_8328769,2,315.2294
Chr2_8164019,2,315.2294
Chr2_7892959,2,315.7396
Chr2_7847265,2,316.1461
Chr2_7400565,2,316.1461
Chr2_6573390,2,316.1461
Chr2_6063672,2,317.3861
Chr2_5380007,2,320.3658
Chr2_5239675,2,321.7947
Chr2_3972867,2,321.7947
Chr2_4156464,2,321.7947
Chr2_4156475,2,321.7947
Chr2_3955439,2,321.7947
Chr2_3972894,2,321.7947
Chr2_5240026,2,321.7947
Chr2_3973128,2,321.7947
Chr2_5239963,2,321.7947
Chr2_5240025,2,321.7947
Chr2_3896039,2,322.4277
Chr2_3672921,2,323.163
Chr2_3672958,2,323.7249
Chr2_3123430,2,325.5329
Chr2_3204489,2,325.9677
Chr2_2748878,2,326.3843
Chr2_2808978,2,326.3843
Chr2_2492689,2,326.3843
Chr2_1625647,2,329.4747
Chr2_1445811,2,329.8846
Chr2_891005,2,332.5466
Chr2_890958,2,332.5466
Chr2_891048,2,332.5466
Chr2_454232,2,333.7664
Chr2_385398,2,333.7664
Chr2_382107,2,334.2089
Chr2_456547,2,334.7089
Chr2_456310,2,334.7089
Chr3_7317447,3,0
Chr3_7317427,3,0
Chr3_7317442,3,0.4587
Chr3_14480642,3,0.9175
Chr3_14480449,3,0.9175
Chr3_12147498,3,0.9175
Chr3_12147305,3,0.9175
Chr3_11907802,3,2.8415
Chr3_24938042,3,4.0612
Chr3_20977681,3,4.0612
Chr3_35250067,3,5.7861
Chr3_44075098,3,5.7861
Chr3_27295846,3,5.7861
Chr3_27295920,3,5.7861
Chr3_35382850,3,6.2715
Chr3_35383141,3,6.2715
Chr3_33105697,3,6.2715
Chr3_31411856,3,6.2715
Chr3_29720803,3,6.2715
Chr3_33105527,3,6.2715
Chr3_44391391,3,8.572
Chr3_48063502,3,8.572
Chr3_36955209,3,8.572
Chr3_48063463,3,9.0928
Chr3_53255084,3,9.6137
Chr3_46589043,3,10.231
Chr3_46589466,3,10.231
Chr3_46589014,3,11.3806
Chr3_57544087,3,19.45
Chr3_55552864,3,19.45
Chr3_65500578,3,19.9354
Chr3_65500573,3,19.9354
Chr3_68293491,3,19.9354
Chr3_68897862,3,24.6157
Chr3_77633818,3,25.493
Chr3_74796064,3,25.493
Chr3_72912511,3,27.2795
Chr3_77633945,3,28.1129
Chr3_74796338,3,28.9533
Chr3_79951794,3,29.8008
Chr3_77639167,3,29.8008
Chr3_119743981,3,30.2816
Chr3_109699354,3,30.2816
Chr3_95995900,3,30.2816
Chr3_84134867,3,30.2816
Chr3_84499392,3,30.2816
Chr3_121792225,3,32.8612
Chr3_140206119,3,33.3037
Chr3_140206097,3,33.3037
Chr3_117272087,3,33.8851
Chr3_110595833,3,33.8851
Chr3_128261066,3,33.8851
Chr3_149236635,3,34.4876
Chr3_149748048,3,34.4876
Chr3_149748190,3,34.4876
Chr3_155589477,3,35.2941
Chr3_155589445,3,36.1138
Chr3_156962123,3,37.4128
Chr3_158461349,3,37.4128
Chr3_167413017,3,37.4128
Chr3_155589640,3,37.4128
Chr3_150053671,3,37.8936
Chr3_149748040,3,37.8936
Chr3_149748187,3,38.3174
Chr3_116112885,3,39.1649
Chr3_195354918,3,39.8143
Chr3_191180091,3,39.8143
Chr3_182935009,3,39.8143
Chr3_195355200,3,39.8143
Chr3_195355086,3,39.8143
Chr3_180638031,3,39.8143
Chr3_142588134,3,39.8143
Chr3_194052346,3,40.4316
Chr3_200488946,3,41.6367
Chr3_196567357,3,42.2617
Chr3_225073067,3,43.6509
Chr3_223050973,3,43.6509
Chr3_226515577,3,43.6509
Chr3_218028668,3,43.6509
Chr3_213034630,3,43.6509
Chr3_213034428,3,43.6509
Chr3_213034434,3,43.6509
Chr3_217357341,3,44.1664
Chr3_223733500,3,45.2082
Chr3_225703369,3,45.643
Chr3_225703321,3,46.4764
Chr3_228523998,3,46.8897
Chr3_225703455,3,46.8897
Chr3_230160282,3,47.317
Chr3_227427553,3,47.317
Chr3_233317951,3,48.1943
Chr3_235929984,3,48.1943
Chr3_246138366,3,48.919
Chr3_239179204,3,48.919
Chr3_236125030,3,48.919
Chr3_245663895,3,49.5363
Chr3_246138241,3,50.8524
Chr3_251401469,3,51.7072
Chr3_250191654,3,51.7072
Chr3_248974508,3,51.7072
Chr3_248974613,3,51.7072
Chr3_248974436,3,51.7072
Chr3_256015670,3,52.5009
Chr3_255716492,3,52.5009
Chr3_256787536,3,52.5009
Chr3_255714431,3,55.5913
Chr3_254737992,3,56.0079
Chr3_254737906,3,56.9009
Chr3_254794205,3,56.9009
Chr3_255109549,3,56.9009
Chr3_255714354,3,56.9009
Chr3_256108989,3,57.3176
Chr3_255716472,3,57.7342
Chr3_257268384,3,58.5747
Chr3_257268177,3,58.9879
Chr3_257268109,3,59.3977
Chr3_259089364,3,60.2828
Chr3_267632507,3,60.7332
Chr3_259089731,3,60.7332
Chr3_272525373,3,61.8698
Chr3_277139016,3,62.4017
Chr3_274070982,3,62.4017
Chr3_276554304,3,63.4772
Chr3_275833824,3,63.4772
Chr3_277970899,3,64.0654
Chr3_276554165,3,64.0654
Chr3_280169719,3,64.913
Chr3_284136359,3,68.1433
Chr3_284136610,3,68.1433
Chr3_284136430,3,68.1433
Chr3_283020031,3,68.1433
Chr3_280556022,3,68.1433
Chr3_287931422,3,68.8378
Chr3_287931364,3,69.2965
Chr3_287931208,3,73.517
Chr3_287239669,3,73.9675
Chr3_287270277,3,75.3011
Chr3_289951800,3,76.5835
Chr3_289933134,3,78.7215
Chr3_290664481,3,79.7117
Chr3_290216249,3,80.3215
Chr3_294660970,3,80.8424
Chr3_290662044,3,80.8424
Chr3_290662106,3,80.8424
Chr3_295041486,3,81.7197
Chr3_295510277,3,82.1398
Chr3_311895364,3,82.56
Chr3_305434300,3,82.56
Chr3_303931887,3,82.56
Chr3_300729075,3,82.56
Chr3_311895461,3,83.0863
Chr3_316378347,3,83.6816
Chr3_317507375,3,83.6816
Chr3_318353954,3,83.6816
Chr3_317507458,3,83.6816
Chr3_317502507,3,84.2989
Chr3_322178024,3,85.2892
Chr3_324782757,3,86.2601
Chr3_330750592,3,86.7504
Chr3_326609412,3,86.7504
Chr3_327083627,3,86.7504
Chr3_325429047,3,86.7504
Chr3_330750265,3,87.4546
Chr3_330750547,3,88.3893
Chr3_332027514,3,89.832
Chr3_332027284,3,91.481
Chr3_332027350,3,91.481
Chr3_332897115,3,91.9965
Chr3_333017620,3,92.5119
Chr3_332896981,3,92.5119
Chr3_335604937,3,93.2473
Chr3_334168491,3,93.2473
Chr3_337776932,3,93.6746
Chr3_345962366,3,94.2066
Chr3_345962378,3,94.2066
Chr3_345962625,3,94.2066
Chr3_340655568,3,94.2066
Chr3_340655804,3,94.2066
Chr3_338174428,3,94.2066
Chr3_337174331,3,94.2066
Chr3_338793287,3,94.2066
Chr3_344818174,3,94.8239
Chr3_345589613,3,94.8239
Chr3_344980717,3,94.8239
Chr3_345124546,3,94.8239
Chr3_344821132,3,95.4412
Chr3_347542095,3,96.7235
Chr3_346386736,3,96.7235
Chr3_347542096,3,97.1583
Chr3_348484200,3,98.4191
Chr3_355993268,3,99.7708
Chr3_356002063,3,99.7708
Chr3_347542161,3,99.7708
Chr3_356512626,3,102.0044
unitig3925_33421,3,102.5095
Chr3_356463719,3,102.5095
Chr3_362423394,3,103.9522
Chr3_361681805,3,103.9522
Chr3_356957607,3,103.9522
Chr3_356957793,3,103.9522
Chr3_369572847,3,104.7098
Chr3_368637685,3,105.9922
Chr3_369351205,3,106.4684
Chr3_369351243,3,107.3694
Chr3_367571268,3,107.8596
Chr3_367843671,3,108.8306
Chr3_369352698,3,108.8306
Chr3_365313549,3,108.8306
Chr3_370185340,3,109.2692
Chr3_372449117,3,110.4322
Chr3_377765598,3,112.2187
Chr3_373497701,3,112.2187
Chr3_377629536,3,113.2715
Chr3_377765767,3,115.1955
Chr3_378125472,3,116.7344
Chr3_380974450,3,116.7344
Chr3_378125403,3,116.7344
Chr3_378125476,3,119.9647
Chr3_381594168,3,122.2652
Chr3_385350163,3,123.12
Chr3_385751427,3,123.12
Chr3_385012384,3,123.12
Chr3_384891070,3,123.12
Chr3_384049571,3,123.12
Chr3_383791975,3,123.12
Chr3_382533780,3,123.12
Chr3_389579732,3,123.5829
Chr3_388960803,3,123.5829
Chr3_392835593,3,124.0547
Chr3_395592287,3,124.0547
Chr3_392835599,3,124.0547
Chr3_404007860,3,124.9168
Chr3_398338322,3,124.9168
Chr3_398371694,3,124.9168
Chr3_398836726,3,124.9168
Chr3_392835484,3,124.9168
Chr3_394781099,3,124.9168
Chr3_394781011,3,124.9168
Chr3_405495203,3,125.4724
Chr3_405494804,3,125.9441
Chr3_405494529,3,125.9441
Chr3_405089613,3,125.9441
Chr3_414185700,3,126.6584
Chr3_414185720,3,126.6584
Chr3_408131781,3,126.6584
Chr3_412065960,3,126.6584
Chr3_406814338,3,126.6584
Chr3_405494865,3,126.6584
Chr3_405494810,3,126.6584
Chr3_414658775,3,127.9518
Chr3_417939316,3,129.3541
Chr3_418705462,3,130.2633
Chr3_418076181,3,130.7583
Chr3_417990665,3,130.7583
Chr3_418076357,3,131.4433
Chr3_420972807,3,132.7594
Chr3_420973033,3,132.7594
Chr3_420973055,3,132.7594
Chr3_420875765,3,132.7594
Chr3_420875513,3,132.7594
Chr3_420708849,3,132.7594
Chr3_421223632,3,133.5287
Chr3_421223316,3,133.5287
Chr3_421895498,3,134.1239
Chr3_421872671,3,134.1239
Chr3_427212697,3,134.6987
Chr3_426127105,3,135.1224
Chr3_427034769,3,135.1224
Chr3_427212687,3,135.1224
Chr3_427333618,3,135.1224
Chr3_426127086,3,135.8368
Chr3_428068718,3,138.8254
Chr3_426126515,3,138.8254
Chr3_426619113,3,138.8254
Chr3_428068648,3,140.2146
Chr3_429102752,3,141.5849
Chr3_429102929,3,141.5849
Chr3_428308804,3,141.5849
Chr3_429102932,3,142.1003
Chr3_429533221,3,142.5351
Chr3_429763175,3,145.355
Chr3_429548310,3,146.0044
Chr3_429762971,3,146.0044
Chr4_134179793,4,0
Chr4_134179854,4,1.4088
Chr4_191038092,4,2.5995
Chr4_150215670,4,2.5995
Chr4_102976049,4,3.0625
Chr4_102976149,4,4.9152
Chr4_98062109,4,4.9152
Chr4_102976150,4,4.9152
Chr4_109740276,4,5.4834
unitig0298_2064455,4,6.039
unitig0298_1461530,4,9.533
unitig0298_2057798,4,9.533
Chr4_134179724,4,10.9485
Chr4_134179861,4,10.9485
Chr4_184117783,4,11.3652
Chr4_233469459,4,12.2056
Chr4_225939607,4,12.2056
Chr4_228826500,4,12.2056
Chr4_224698462,4,12.2056
Chr4_146500590,4,13.9921
Chr4_233469272,4,13.9921
Chr4_192563622,4,14.5603
Chr4_195178150,4,14.5603
Chr4_112174993,4,14.5603
Chr4_195178096,4,15.227
Chr4_155572769,4,15.8937
Chr4_173401347,4,16.7341
Chr4_195178125,4,16.7341
Chr4_172672067,4,16.7341
Chr4_161649083,4,17.6114
Chr4_156033871,4,20.8871
Chr4_187828832,4,20.8871
Chr4_187828871,4,21.3822
Chr4_195148928,4,24.7581
Chr4_156033873,4,24.7581
Chr4_191825175,4,26.0571
Chr4_180909333,4,26.0571
Chr4_197563719,4,26.0571
Chr4_209554110,4,28.5592
Chr4_153486977,4,30.711
Chr4_184146450,4,30.711
Chr4_127863498,4,32.0627
Chr4_127863347,4,32.5132
Chr4_144616372,4,32.5132
Chr4_134399976,4,33.0626
Chr4_74206959,4,33.6121
Chr4_78520872,4,35.488
Chr4_76050071,4,37.4891
Chr4_48758402,4,38.0773
Chr4_48758304,4,38.9395
Chr4_49335163,4,39.3743
Chr4_53396498,4,39.3743
Chr4_49335157,4,41.0991
Chr4_55778135,4,41.5056
Chr4_55587488,4,41.5056
Chr4_55778233,4,41.9223
Chr4_55292499,4,42.4841
Chr4_55778129,4,42.4841
Chr4_63464555,4,42.8906
Chr4_65312063,4,42.8906
Chr4_63150076,4,43.6843
Chr4_67371156,4,44.2163
Chr4_67371595,4,45.0784
Chr4_67371804,4,45.0784
Chr4_18880919,4,47.3322
Chr4_29369297,4,47.3322
Chr4_13324858,4,48.3633
Chr4_12676722,4,48.3633
Chr4_22270968,4,48.8487
Chr4_22380061,4,50.4622
Chr4_28230007,4,50.943
Chr4_32636620,4,52.2766
Chr4_31486950,4,52.2766
Chr4_28230238,4,52.2766
Chr4_31487021,4,52.2766
Chr4_32636555,4,52.8939
Chr4_32636798,4,52.8939
Chr4_32634456,4,52.8939
Chr4_10514426,4,53.4621
Chr4_93730606,4,53.4621
Chr4_254189887,4,54.1664
unitig4393_64966,4,54.1664
Chr4_263062050,4,54.6128
Chr4_262321892,4,54.6128
Chr4_246494802,4,57.6338
Chr4_246144164,4,58.4603
Chr4_246358175,4,60.1558
Chr4_244587453,4,62.3
Chr4_263381657,4,62.985
Chr4_251035106,4,62.985
Chr4_254411881,4,63.4395
Chr4_269873533,4,63.4395
Chr4_239626518,4,63.9715
Chr4_239057140,4,64.8411
Chr4_273348871,4,65.2722
Chr4_294654152,4,66.3476
Chr4_283539294,4,66.3476
Chr4_281797231,4,66.3476
Chr4_276551698,4,66.3476
Chr4_275055002,4,66.3476
Chr4_272439396,4,66.3476
Chr4_305886872,4,66.7941
Chr4_304388871,4,66.7941
Chr4_298855823,4,66.7941
Chr4_293432973,4,66.7941
Chr4_306037823,4,67.2891
Chr4_307503813,4,68.4004
Chr4_310077623,4,69.7644
Chr4_307577159,4,69.7644
Chr4_307570850,4,69.7644
Chr4_324072413,4,71.1346
Chr4_323791438,4,71.1346
Chr4_317933982,4,71.1346
Chr4_324072380,4,71.5657
Chr4_325551133,4,71.993
Chr4_338806330,4,72.9365
Chr4_333774098,4,73.452
Chr4_337337202,4,73.9193
Chr4_330474693,4,73.9193
Chr4_337549849,4,73.9193
Chr4_333206214,4,73.9193
Chr4_330041007,4,74.7668
Chr4_340242566,4,74.7668
Chr4_330040559,4,74.7668
Chr4_330040953,4,74.7668
Chr4_343374321,4,75.2093
Chr4_343374074,4,75.2093
Chr4_340242695,4,75.2093
Chr4_344368484,4,75.6639
Chr4_355007611,4,76.2663
Chr4_348704483,4,76.2663
Chr4_348704238,4,76.2663
Chr4_348920293,4,76.2663
Chr4_344368745,4,76.2663
Chr4_363866352,4,77.2974
Chr4_363104857,4,77.2974
Chr4_353354429,4,77.2974
Chr4_353354494,4,77.2974
Chr4_355084431,4,77.2974
Chr4_359691238,4,77.2974
Chr4_360075498,4,77.2974
Chr4_357197811,4,77.2974
Chr4_350065864,4,77.2974
Chr4_350065918,4,77.2974
Chr4_350065698,4,77.2974
Chr4_367661669,4,77.9304
Chr4_365350024,4,78.4986
Chr4_367661696,4,79.6753
Chr4_370812891,4,81.1909
Chr4_367661612,4,81.1909
Chr4_371144641,4,81.7172
Chr4_371296036,4,81.7172
Chr4_384027682,4,82.6519
Chr4_379946272,4,82.6519
Chr4_379945974,4,82.6519
Chr4_384027706,4,82.6519
Chr4_384028000,4,82.6519
Chr4_383961812,4,82.6519
Chr4_373986166,4,82.6519
Chr4_373749842,4,82.6519
Chr4_372279446,4,82.6519
Chr4_373749494,4,82.6519
Chr4_371295440,4,82.6519
Chr4_388945420,4,83.0721
Chr4_390232141,4,83.6971
Chr4_390232254,4,83.6971
Chr4_390478824,4,83.6971
Chr4_389609120,4,84.9686
Chr4_396725052,4,87.5796
Chr4_402019459,4,88.1116
Chr4_402019117,4,88.1116
Chr4_400664091,4,88.1116
Chr4_400347215,4,88.1116
Chr4_395950711,4,88.1116
Chr4_403538969,4,88.5214
Chr4_402747728,4,89.3548
Chr4_407320460,4,89.7785
Chr4_402745973,4,89.7785
Chr4_406913081,4,90.8425
Chr4_408180185,4,90.8425
Chr4_407320625,4,90.8425
Chr4_411139405,4,91.285
Chr4_413964880,4,91.748
Chr4_411772840,4,91.748
Chr4_423468850,4,92.3162
Chr4_422967031,4,92.3162
Chr4_422193440,4,92.3162
Chr4_421976893,4,92.3162
Chr4_420467951,4,92.3162
Chr4_416660250,4,92.3162
Chr4_416498218,4,92.3162
Chr4_416497598,4,92.3162
Chr4_415887753,4,92.3162
Chr4_415887757,4,92.3162
Chr4_414962079,4,92.3162
Chr4_413790930,4,92.3162
Chr4_423468858,4,95.5996
Chr4_424201727,4,104.1433
Chr4_423596458,4,104.1433
unitig3419_177849,4,107.2242
Chr4_431679035,4,114.978
Chr4_429674183,4,114.978
Chr4_431251262,4,114.978
Chr4_427969143,4,114.978
Chr4_424201741,4,114.978
Chr4_426604090,4,114.978
Chr4_433806901,4,115.636
Chr4_431678918,4,115.636
Chr4_433454294,4,116.9406
Chr4_436598829,4,117.5736
Chr4_435424525,4,120.2547
Chr4_434795462,4,120.2547
Chr4_436740976,4,121.366
Chr4_437466857,4,122.0327
Chr4_442725044,4,123.5483
Chr4_442304439,4,123.5483
Chr4_441703481,4,123.5483
Chr4_444407485,4,123.9757
Chr4_444702596,4,123.9757
Chr4_442725082,4,123.9757
Chr4_444978819,4,124.8022
Chr4_444992396,4,124.8022
Chr4_444992204,4,124.8022
Chr4_444118006,4,124.8022
Chr4_444320830,4,124.8022
Chr4_449869660,4,125.7732
Chr4_447041129,4,125.7732
Chr4_447049757,4,125.7732
Chr4_447041074,4,125.7732
Chr4_445510383,4,125.7732
Chr4_452839551,4,126.815
Chr4_448120454,4,126.815
Chr4_457861701,4,127.3768
Chr4_457925194,4,128.1015
Chr4_457078951,4,128.1015
Chr4_457861421,4,128.1015
Chr4_457861450,4,128.1015
Chr4_458622370,4,128.908
Chr4_459886216,4,130.9362
Chr4_471595764,4,132.6414
Chr4_471596021,4,132.6414
Chr4_472884591,4,132.6414
Chr4_471591515,4,132.6414
Chr4_473084899,4,132.6414
Chr4_470762151,4,132.6414
Chr4_469729718,4,132.6414
Chr4_469732411,4,132.6414
Chr4_469156123,4,132.6414
Chr4_468520676,4,132.6414
Chr4_467240471,4,132.6414
Chr4_467642605,4,132.6414
Chr4_467669137,4,132.6414
Chr4_466545041,4,132.6414
Chr4_466545353,4,132.6414
Chr4_465670732,4,132.6414
Chr4_465670784,4,132.6414
Chr4_465670805,4,132.6414
Chr4_464978253,4,132.6414
Chr4_471595782,4,133.3767
Chr4_474493527,4,133.8484
Chr4_474182137,4,134.3292
Chr4_474182163,4,134.3292
Chr4_473714604,4,134.764
Chr4_473953605,4,134.764
Chr4_473953571,4,135.7445
Chr4_474230077,4,137.1735
Chr4_475275457,4,137.8064
Chr4_475992842,4,138.2231
Chr4_475264834,4,138.2231
Chr4_479400333,4,138.6579
Chr4_479400248,4,138.6579
Chr4_479271760,4,138.6579
Chr4_478388251,4,138.6579
Chr4_478057916,4,138.6579
Chr4_477117627,4,138.6579
Chr4_475993130,4,138.6579
Chr4_481171545,4,143.6036
Chr4_481920660,4,144.3078
Chr6_149225682,5,0
Chr6_155202750,5,9.1931
Chr6_161010672,5,12.6469
Chr6_113649389,5,13.1571
Chr6_177986819,5,13.1571
Chr6_178031272,5,13.1571
Chr6_169463064,5,13.1571
Chr6_176040479,5,13.1571
Chr6_50870904,5,16.7346
Chr6_31248852,5,22.5579
Chr6_140429946,5,25.7537
Chr6_98460834,5,30.0194
Chr6_157390570,5,34.0279
Chr6_180314211,5,35.858
Chr6_157390562,5,35.858
Chr6_12260811,5,44.2698
Chr6_16933195,5,49.1768
Chr6_23458971,5,53.3532
Chr6_23458703,5,53.3532
Chr6_28621534,5,54.6193
Chr6_31500543,5,56.7711
Chr6_31509095,5,56.7711
Chr6_41542865,5,57.4205
Chr6_41543153,5,57.4205
Chr6_41543229,5,57.4205
Chr6_54682443,5,57.8751
Chr6_66807031,5,58.3853
Chr6_59802722,5,58.3853
Chr6_60781214,5,58.3853
Chr6_56373410,5,58.3853
Chr6_59802742,5,58.3853
Chr6_56045684,5,58.3853
Chr6_76379296,5,58.8755
Chr6_59802682,5,58.8755
Chr6_83540986,5,59.2854
Chr6_83540877,5,59.6952
Chr6_130768065,5,60.1854
Chr6_111193695,5,60.1854
Chr6_90394592,5,60.1854
Chr6_130768117,5,62.3927
Chr6_130778144,5,62.8928
Chr6_194094417,5,65.0067
Chr6_186368473,5,65.0067
Chr6_101242223,5,65.0067
Chr6_207427469,5,65.0067
Chr6_109936120,5,65.0067
Chr6_157465655,5,65.0067
Chr6_85845429,5,65.0067
Chr6_88957848,5,65.0067
Chr6_104345667,5,65.0067
Chr6_143705006,5,65.0067
Chr6_112635935,5,65.0067
Chr6_109936173,5,65.0067
Chr6_146403557,5,65.0067
Chr6_106132915,5,65.0067
Chr6_146403399,5,65.0067
Chr6_142116879,5,65.0067
Chr6_143701591,5,65.0067
Chr6_194553895,5,65.8264
Chr6_221823017,5,67.1601
Chr6_226468346,5,67.1601
Chr6_203751358,5,67.1601
Chr6_211389020,5,67.1601
Chr6_210888794,5,67.1601
Chr6_217041022,5,67.6274
Chr6_216891733,5,67.6274
Chr6_217041018,5,67.6274
Chr6_216891821,5,67.6274
Chr6_197111046,5,68.183
Chr6_213660925,5,68.183
Chr6_213660909,5,68.183
Chr6_216323228,5,68.183
Chr6_216499876,5,68.183
Chr6_234149866,5,68.5962
Chr6_233495441,5,68.5962
Chr6_234147909,5,68.5962
Chr6_234148295,5,68.5962
Chr6_233495703,5,68.5962
Chr6_203751425,5,68.5962
unitig3483_169755,5,69.4813
Chr6_256887884,5,69.4813
Chr6_240035863,5,69.4813
Chr6_246605431,5,69.4813
Chr6_243111096,5,69.9442
Chr6_265735133,5,70.62
Chr6_246605392,5,70.62
Chr6_243274972,5,70.62
Chr6_242709607,5,70.62
Chr6_250504791,5,71.1007
Chr6_265329531,5,71.5209
Chr6_271835066,5,73.4206
Chr6_277620473,5,74.023
Chr6_274208904,5,74.6987
Chr6_274209144,5,74.6987
unitig3460_155559,5,74.6987
Chr6_270344214,5,74.6987
Chr6_277620439,5,74.6987
Chr6_281022110,5,75.403
Chr6_276558505,5,75.866
Chr6_275548097,5,76.2933
Chr6_286362915,5,76.71
Chr6_286362917,5,76.71
Chr6_285752661,5,76.71
Chr6_283720750,5,76.71
Chr6_283191573,5,76.71
Chr6_311571675,5,77.1302
Chr6_293101810,5,77.1302
Chr6_289993676,5,77.1302
Chr6_286529671,5,77.1302
Chr6_289995086,5,77.1302
Chr6_290087792,5,77.1302
Chr6_285752875,5,77.1302
Chr6_285752763,5,77.1302
Chr6_311571410,5,77.565
Chr6_301312238,5,77.9782
Chr6_301352056,5,78.3914
Chr6_297633387,5,79.6417
Chr6_298239092,5,79.6417
Chr6_313676017,5,80.0765
Chr6_313676245,5,80.0765
Chr6_293101774,5,80.0765
Chr6_294754771,5,80.0765
Chr6_311791507,5,80.6447
Chr6_311393349,5,81.8795
Chr6_310085772,5,81.8795
Chr6_318694170,5,82.4893
Chr6_320133240,5,82.4893
Chr6_320060571,5,82.4893
Chr6_324739528,5,83.0212
Chr6_325978811,5,83.0212
Chr6_323390343,5,83.6165
Chr6_324739612,5,83.6165
Chr6_326859859,5,84.2048
Chr6_324811813,5,84.2048
Chr6_324640983,5,84.2048
Chr6_326982002,5,85.0821
Chr6_334817105,5,85.5246
Chr6_327636163,5,85.5246
Chr6_335441392,5,86.0928
Chr6_335441158,5,86.0928
Chr6_335441448,5,86.0928
Chr6_327636161,5,86.0928
Chr6_330298924,5,86.0928
Chr6_335441376,5,86.0928
Chr6_336216373,5,86.688
Chr6_335441110,5,86.688
Chr6_348457475,5,87.2833
Chr6_348633337,5,87.7
Chr6_344474427,5,89.0277
Chr6_341427076,5,89.4742
Chr6_337157661,5,90.9746
Chr6_357253222,5,91.556
Chr6_358594665,5,91.556
Chr6_348457474,5,91.556
Chr6_348750957,5,91.556
Chr6_350971166,5,91.556
Chr6_352666124,5,91.556
Chr6_355046534,5,91.556
Chr6_352666576,5,91.556
Chr6_348457408,5,91.556
Chr6_352817638,5,91.556
Chr6_352563352,5,91.556
Chr6_339111944,5,91.556
Chr6_352666528,5,92.5978
Chr6_357253290,5,92.5978
Chr6_355047647,5,94.1135
Chr6_359624806,5,95.9491
Chr6_382316280,5,98.1057
Chr6_384164003,5,98.1057
Chr6_378486612,5,100.4603
Chr6_382316230,5,100.4603
Chr6_378486639,5,102.2002
Chr6_376321179,5,102.7954
Chr6_376320932,5,102.7954
Chr6_376321513,5,102.7954
Chr6_374492381,5,103.2379
Chr6_371822338,5,103.6727
Chr6_372675524,5,103.6727
Chr6_373582135,5,103.6727
Chr6_372675345,5,103.6727
Chr6_373240383,5,103.6727
Chr6_369074156,5,105.0429
Chr6_370429497,5,105.0429
Chr6_368449014,5,105.7374
Chr6_384378362,5,107.9777
Chr6_392949986,5,109.9017
Chr6_392950273,5,110.9328
Chr6_393909252,5,110.9328
Chr6_392950256,5,111.443
Chr6_396649341,5,112.7254
Chr6_396649275,5,112.7254
Chr6_398133884,5,113.2409
Chr6_404509467,5,114.7119
Chr6_395860255,5,114.7119
Chr6_402138727,5,115.7221
Chr6_401863666,5,116.2484
Chr6_398556293,5,118.4477
Chr6_400560595,5,118.4477
Chr6_397830282,5,121.8312
Chr6_404369298,5,122.4723
Chr6_411483579,5,124.1033
Chr6_407088378,5,124.6296
Chr6_407807933,5,132.0363
Chr6_411970464,5,132.6177
Chr6_412074619,5,132.6177
Chr6_411926838,5,133.0379
Chr6_413496086,5,133.4652
Chr6_412792065,5,133.8854
Chr6_413140291,5,134.7188
Chr6_414233429,5,135.7189
Chr6_415231242,5,136.3214
Chr6_415231241,5,138.3495
Chr6_414317631,5,138.3495
Chr6_415230949,5,138.9177
Chr6_415887236,5,141.3889
Chr6_416316964,5,142.0218
Chr6_416316806,5,142.0218
Chr6_419298084,5,144.2162
Chr6_418886736,5,144.6261
Chr6_419590139,5,144.6261
Chr6_419590301,5,145.9251
Chr6_418640858,5,145.9251
Chr6_418886885,5,145.9251
Chr6_419250663,5,146.4745
Chr6_419250834,5,146.4745
unitig0644_963515,6,0
Chr7_22019909,6,0.7813
Chr7_21925744,6,0.7813
unitig0644_963480,6,0.7813
Chr7_7134893,6,1.2051
Chr7_8102425,6,1.2051
Chr7_8392079,6,1.2051
Chr7_21925752,6,1.2051
Chr7_6839650,6,1.9404
Chr7_12678371,6,4.0034
Chr7_9736494,6,4.0034
Chr7_7602623,6,4.0034
Chr7_16115317,6,4.5243
Chr7_14393510,6,4.5243
Chr7_14393456,6,4.5243
Chr7_13450447,6,4.5243
Chr7_13450265,6,4.5243
Chr7_12524290,6,4.5243
Chr7_12525961,6,4.5243
Chr7_23452016,6,6.0173
Chr7_22019829,6,6.0173
Chr7_16115376,6,6.0173
Chr7_24575247,6,7.1538
Chr7_24575002,6,7.8295
Chr7_24575239,6,8.3851
Chr7_39664963,6,8.8481
Chr7_39665237,6,9.2718
Chr7_413961758,6,9.9212
Chr7_436809863,6,9.9212
Chr7_437138400,6,9.9212
Chr7_451043252,6,9.9212
Chr7_451713435,6,9.9212
Chr7_450647647,6,9.9212
Chr7_451713914,6,9.9212
Chr7_458744954,6,9.9212
Chr7_466080185,6,9.9212
Chr7_454140536,6,9.9212
Chr7_454140533,6,9.9212
Chr7_31178273,6,9.9212
Chr7_33321821,6,9.9212
Chr7_33321611,6,9.9212
Chr7_33321569,6,9.9212
Chr7_31178036,6,9.9212
Chr7_43868988,6,9.9212
Chr7_44693197,6,9.9212
Chr7_27427362,6,9.9212
unitig2743_47013,6,10.3345
Chr7_131942731,6,10.7932
Chr7_125879512,6,11.8034
Chr7_328705650,6,12.7469
Chr7_338812027,6,12.7469
Chr7_220200704,6,12.7469
Chr7_165139694,6,12.7469
Chr7_309897155,6,12.7469
Chr7_317778648,6,12.7469
Chr7_274752674,6,12.7469
Chr7_198267340,6,13.3217
Chr7_160385051,6,13.749
unitig1679_477013,6,14.9257
unitig0862_664287,6,14.9257
Chr7_339949029,6,14.9257
Chr7_289019431,6,16.9268
Chr7_121771454,6,17.3898
Chr7_378600730,6,17.3898
Chr7_251628030,6,18.3244
Chr7_107586565,6,18.3244
Chr7_124700277,6,18.3244
Chr7_136129609,6,18.3244
Chr7_127746558,6,18.9269
Chr7_318482625,6,19.6312
Chr7_110195316,6,20.5747
Chr7_94071794,6,20.5747
Chr7_101214984,6,20.5747
Chr7_106815888,6,20.5747
Chr7_115305976,6,20.5747
Chr7_61202528,6,21.7377
Chr7_67091856,6,21.7377
Chr7_107273867,6,21.7377
Chr7_48723517,6,22.6812
Chr7_78234678,6,24.3767
Chr7_71218636,6,24.3767
unitig2704_240123,6,24.3767
Chr7_77347803,6,24.3767
unitig2082_432100,6,24.3767
Chr7_63316561,6,24.3767
Chr7_84169509,6,25.2033
Chr7_186061713,6,26.4535
Chr7_172544909,6,26.4535
unitig0696_1267516,6,26.4535
unitig1070_951228,6,28.033
Chr7_365908830,6,28.5707
unitig2071_343280,6,28.5707
unitig2743_47044,6,31.4309
Chr7_389376877,6,36.2848
unitig3398_93088,6,36.2848
Chr7_127746610,6,36.2848
Chr7_266151229,6,36.2848
unitig2061_130903,6,38.5853
unitig2061_130933,6,39.9014
Chr7_205711232,6,42.3624
Chr7_166055812,6,49.1343
Chr7_326628575,6,53.6923
unitig2582_284671,6,53.6923
Chr7_329148531,6,53.6923
Chr7_191589688,6,53.6923
Chr7_145132200,6,53.6923
Chr7_261451700,6,53.6923
Chr7_353159744,6,53.6923
Chr7_206438889,6,54.1234
Chr7_278853365,6,54.1234
Chr7_212156623,6,54.1234
Chr7_365750060,6,54.1234
Chr7_296182438,6,54.1234
Chr7_246944348,6,54.8083
Chr7_476056054,6,55.484
Chr7_476055858,6,55.484
Chr7_472887387,6,55.484
unitig1303_876943,6,55.484
Chr7_473110140,6,55.484
Chr7_474013226,6,55.484
Chr7_184548245,6,55.484
Chr7_91089609,6,55.484
Chr7_108359804,6,55.484
Chr7_69099712,6,55.484
Chr7_90642305,6,55.484
unitig2704_56794,6,55.484
unitig0644_963493,6,55.484
Chr7_167463594,6,55.484
Chr7_274752665,6,55.484
unitig0079_960222,6,55.484
unitig1070_1053724,6,55.484
unitig1808_312370,6,55.484
Chr7_94924141,6,55.484
Chr7_243840610,6,55.484
unitig0251_1615764,6,55.484
Chr7_389376980,6,55.484
Chr7_386060117,6,55.484
Chr7_378343257,6,55.484
unitig1238_748014,6,55.484
Chr7_417794284,6,55.484
Chr7_422530116,6,55.484
unitig3596_22321,6,55.484
Chr7_378600769,6,55.484
unitig3596_22275,6,55.484
Chr7_378343209,6,55.484
Chr7_163320955,6,55.484
Chr7_240591737,6,55.484
Chr7_393115775,6,55.484
Chr7_264748441,6,55.484
Chr7_309173453,6,55.484
Chr7_252563689,6,55.484
Chr7_474898168,6,63.8959
Chr7_509092184,6,69.1389
Chr7_507292506,6,69.1389
Chr7_507395885,6,69.1389
Chr7_505202055,6,69.1389
Chr7_503203250,6,69.1389
Chr7_503526315,6,69.1389
Chr7_503526312,6,69.1389
Chr7_501710254,6,69.1389
Chr7_502789150,6,69.1389
Chr7_501710217,6,69.1389
Chr7_500478934,6,69.1389
Chr7_499311666,6,69.1389
Chr7_499094050,6,69.1389
Chr7_498681084,6,69.1389
Chr7_498673245,6,69.1389
Chr7_498672886,6,69.1389
Chr7_494459987,6,69.1389
Chr7_493552679,6,69.1389
Chr7_493713502,6,69.1389
Chr7_489783793,6,69.1389
Chr7_489491566,6,69.1389
Chr7_492317169,6,69.1389
Chr7_492316893,6,69.1389
Chr7_492771075,6,69.1389
Chr7_492355226,6,69.1389
Chr7_493315909,6,69.1389
Chr7_493315873,6,69.1389
Chr7_493315600,6,69.1389
Chr7_492317145,6,69.1389
Chr7_489784151,6,69.1389
Chr7_486983178,6,69.1389
Chr7_486982898,6,69.1389
Chr7_486982810,6,69.1389
Chr7_486711048,6,69.1389
Chr7_481531430,6,69.1389
Chr7_482398577,6,69.1389
Chr7_482398771,6,69.1389
Chr7_482112288,6,69.1389
Chr7_482093950,6,69.1389
Chr7_483653158,6,69.1389
Chr7_481384961,6,69.1389
Chr7_508799624,6,70.226
Chr7_508161557,6,70.226
Chr7_509240931,6,70.226
Chr7_509058968,6,70.6933
Chr7_509059151,6,70.6933
Chr7_508506154,6,70.6933
Chr7_509059034,6,71.2489
Chr7_509059203,6,71.7983
Chr7_512055199,6,74.1811
Chr7_511718173,6,74.7558
Chr7_511174532,6,78.1394
Chr7_513983246,6,78.5939
Chr7_513951128,6,78.5939
Chr7_512125117,6,78.5939
Chr7_512046752,6,78.5939
Chr7_510368074,6,79.2519
Chr7_513019495,6,79.2519
Chr7_515510967,6,79.8616
Chr7_515545383,6,79.8616
Chr7_513019553,6,79.8616
Chr7_516215970,6,81.3773
Chr7_516216416,6,81.3773
Chr7_515542853,6,81.3773
Chr7_517200083,6,83.1171
Chr7_516819335,6,83.5717
Chr7_518712230,6,85.5529
Chr7_517017368,6,85.5529
Chr7_518726780,6,86.8519
Chr7_518728558,6,86.8519
Chr7_518712070,6,87.347
Chr7_518712356,6,87.347
Chr7_518712990,6,88.4835
Chr7_518726796,6,88.9937
Chr7_519781523,6,89.8342
Chr7_519781602,6,94.1129
Chr7_519781435,6,97.6274
Chr7_520497210,6,98.2685
Chr7_521278015,6,98.7272
Chr7_521278595,6,101.0874
Chr7_521278056,6,101.5339
Chr7_521903209,6,110.8717
Chr7_521903150,6,110.8717
Chr7_521278434,6,110.8717
Chr7_521059011,6,117.3899
Chr7_522279378,6,125.0891
